COMID,CAT_BUSHREED1,CAT_BUSHREED2,CAT_BUSHREED3,CAT_BUSHREED4,CAT_BUSHREED5,CAT_BUSHREED6,CAT_BUSHREED8,CAT_BUSHREED9,CAT_BUSHREED10,NODATA,source
3917070,0,0,0,0,0,100,0,0,0,0,BUSHREED_CAT_CONUS
3917072,0,0,0,0,0,100,0,0,0,0,BUSHREED_CAT_CONUS
3917082,0,0,0,0,0,100,0,0,0,0,BUSHREED_CAT_CONUS
3917084,0,0,0,0,0,100,0,0,0,0,BUSHREED_CAT_CONUS
3917106,0,0,0,0,0,100,0,0,0,0,BUSHREED_CAT_CONUS
3917114,0,0,0,0,0,100,0,0,0,0,BUSHREED_CAT_CONUS
3917130,0,0,0,0,0,100,0,0,0,0,BUSHREED_CAT_CONUS
3917136,0,0,0,0,0,100,0,0,0,0,BUSHREED_CAT_CONUS
3917138,0,0,0,0,0,100,0,0,0,0,BUSHREED_CAT_CONUS
3917154,0,0,0,0,0,100,0,0,0,0,BUSHREED_CAT_CONUS
3917156,0,0,0,0,0,100,0,0,0,0,BUSHREED_CAT_CONUS
3917158,0,0,0,0,0,100,0,0,0,0,BUSHREED_CAT_CONUS
3917160,0,0,0,0,0,100,0,0,0,0,BUSHREED_CAT_CONUS
3917162,0,0,0,0,0,100,0,0,0,0,BUSHREED_CAT_CONUS
3917164,0,0,0,0,0,100,0,0,0,0,BUSHREED_CAT_CONUS
3917172,0,0,0,0,0,100,0,0,0,0,BUSHREED_CAT_CONUS
3917176,0,0,0,0,0,100,0,0,0,0,BUSHREED_CAT_CONUS
3917178,0,0,0,0,0,100,0,0,0,0,BUSHREED_CAT_CONUS
3917194,0,0,0,0,0,100,0,0,0,0,BUSHREED_CAT_CONUS
3917198,0,0,0,0,0,100,0,0,0,0,BUSHREED_CAT_CONUS
3917200,0,0,0,0,0,100,0,0,0,0,BUSHREED_CAT_CONUS
3917212,0,0,0,0,0,100,0,0,0,0,BUSHREED_CAT_CONUS
3917214,0,0,0,0,0,100,0,0,0,0,BUSHREED_CAT_CONUS
3917218,0,0,0,0,0,100,0,0,0,0,BUSHREED_CAT_CONUS
3917220,0,0,0,0,0,100,0,0,0,0,BUSHREED_CAT_CONUS
3917228,0,0,0,0,0,100,0,0,0,0,BUSHREED_CAT_CONUS
3917230,0,0,0,0,0,100,0,0,0,0,BUSHREED_CAT_CONUS
3917244,0,0,0,0,0,100,0,0,0,0,BUSHREED_CAT_CONUS
3917250,0,0,0,0,0,100,0,0,0,0,BUSHREED_CAT_CONUS
3917256,0,0,0,0,0,100,0,0,0,0,BUSHREED_CAT_CONUS
3917268,0,0,0,0,0,100,0,0,0,0,BUSHREED_CAT_CONUS
3917272,0,0,0,0,0,100,0,0,0,0,BUSHREED_CAT_CONUS
3917274,0,0,0,0,0,100,0,0,0,0,BUSHREED_CAT_CONUS
3917276,0,0,0,0,0,100,0,0,0,0,BUSHREED_CAT_CONUS
3917278,0,0,0,0,0,100,0,0,0,0,BUSHREED_CAT_CONUS
3917280,0,0,0,0,0,100,0,0,0,0,BUSHREED_CAT_CONUS
3917282,0,0,0,0,0,100,0,0,0,0,BUSHREED_CAT_CONUS
3917284,0,0,0,0,0,100,0,0,0,0,BUSHREED_CAT_CONUS
3917286,0,0,0,0,0,100,0,0,0,0,BUSHREED_CAT_CONUS
3917912,0,0,0,0,0,100,0,0,0,0,BUSHREED_CAT_CONUS
3917914,0,0,0,0,0,100,0,0,0,0,BUSHREED_CAT_CONUS
3917916,0,0,0,0,0,100,0,0,0,0,BUSHREED_CAT_CONUS
3917918,0,0,0,0,0,100,0,0,0,0,BUSHREED_CAT_CONUS
3917920,0,0,0,0,0,100,0,0,0,0,BUSHREED_CAT_CONUS
3917922,0,0,0,0,0,100,0,0,0,0,BUSHREED_CAT_CONUS
3917946,0,0,0,0,0,100,0,0,0,0,BUSHREED_CAT_CONUS
3917948,0,0,0,0,0,100,0,0,0,0,BUSHREED_CAT_CONUS
3917950,0,0,0,0,0,100,0,0,0,0,BUSHREED_CAT_CONUS
3917956,0,0,0,0,0,100,0,0,0,0,BUSHREED_CAT_CONUS
3917958,0,0,0,0,0,100,0,0,0,0,BUSHREED_CAT_CONUS
3917960,0,0,0,0,0,100,0,0,0,0,BUSHREED_CAT_CONUS
948010089,0,0,0,0,0,100,0,0,0,0,BUSHREED_CAT_CONUS
