COMID,ACC_BUSHREED1,ACC_BUSHREED2,ACC_BUSHREED3,ACC_BUSHREED4,ACC_BUSHREED5,ACC_BUSHREED6,ACC_BUSHREED8,ACC_BUSHREED9,ACC_BUSHREED10,ACC_NODATA,source
3917070,0,0,0,0,0,100,0,0,0,0,BUSHREED_ACC_CONUS
3917072,0,0,0,0,0,100,0,0,0,0,BUSHREED_ACC_CONUS
3917082,0,0,0,0,0,100,0,0,0,0,BUSHREED_ACC_CONUS
3917084,0,0,0,0,0,100,0,0,0,0,BUSHREED_ACC_CONUS
3917106,0,0,0,0,0,100,0,0,0,0,BUSHREED_ACC_CONUS
3917114,0,0,0,0,0,100,0,0,0,0,BUSHREED_ACC_CONUS
3917130,0,0,0,0,0,100,0,0,0,0,BUSHREED_ACC_CONUS
3917136,0,0,0,0,0,100,0,0,0,0,BUSHREED_ACC_CONUS
3917138,0,0,0,0,0,100,0,0,0,0,BUSHREED_ACC_CONUS
3917154,0,0,0,0,0,100,0,0,0,0,BUSHREED_ACC_CONUS
3917156,0,0,0,0,0,100,0,0,0,0,BUSHREED_ACC_CONUS
3917158,0,0,0,0,0,100,0,0,0,0,BUSHREED_ACC_CONUS
3917160,0,0,0,0,0,100,0,0,0,0,BUSHREED_ACC_CONUS
3917162,0,0,0,0,0,100,0,0,0,0,BUSHREED_ACC_CONUS
3917164,0,0,0,0,0,100,0,0,0,0,BUSHREED_ACC_CONUS
3917172,0,0,0,0,0,100,0,0,0,0,BUSHREED_ACC_CONUS
3917176,0,0,0,0,0,100,0,0,0,0,BUSHREED_ACC_CONUS
3917178,0,0,0,0,0,100,0,0,0,0,BUSHREED_ACC_CONUS
3917194,0,0,0,0,0,100,0,0,0,0,BUSHREED_ACC_CONUS
3917198,0,0,0,0,0,100,0,0,0,0,BUSHREED_ACC_CONUS
3917200,0,0,0,0,0,100,0,0,0,0,BUSHREED_ACC_CONUS
3917212,0,0,0,0,0,100,0,0,0,0,BUSHREED_ACC_CONUS
3917214,0,0,0,0,0,100,0,0,0,0,BUSHREED_ACC_CONUS
3917218,0,0,0,0,0,100,0,0,0,0,BUSHREED_ACC_CONUS
3917220,0,0,0,0,0,100,0,0,0,0,BUSHREED_ACC_CONUS
3917228,0,0,0,0,0,100,0,0,0,0,BUSHREED_ACC_CONUS
3917230,0,0,0,0,0,100,0,0,0,0,BUSHREED_ACC_CONUS
3917244,0,0,2.19,0,0,97.81,0,0,0,0,BUSHREED_ACC_CONUS
3917250,0,0,0,0,0,100,0,0,0,0,BUSHREED_ACC_CONUS
3917256,0,0,0,0,0,100,0,0,0,0,BUSHREED_ACC_CONUS
3917268,0,0,0,0,0,100,0,0,0,0,BUSHREED_ACC_CONUS
3917272,0,0,0,0,0,100,0,0,0,0,BUSHREED_ACC_CONUS
3917274,0,0,0,0,0,100,0,0,0,0,BUSHREED_ACC_CONUS
3917276,0,0,0,0,0,100,0,0,0,0,BUSHREED_ACC_CONUS
3917278,0,0,0,0,0,100,0,0,0,0,BUSHREED_ACC_CONUS
3917280,0,0,0,0,0,100,0,0,0,0,BUSHREED_ACC_CONUS
3917282,0,0,0,0,0,100,0,0,0,0,BUSHREED_ACC_CONUS
3917284,0,0,0,0,0,100,0,0,0,0,BUSHREED_ACC_CONUS
3917286,0,0,0,0,0,100,0,0,0,0,BUSHREED_ACC_CONUS
3917912,0,0,0,0,0,100,0,0,0,0,BUSHREED_ACC_CONUS
3917914,0,0,0,0,0,100,0,0,0,0,BUSHREED_ACC_CONUS
3917916,0,0,0,0,0,100,0,0,0,0,BUSHREED_ACC_CONUS
3917918,0,0,0,0,0,100,0,0,0,0,BUSHREED_ACC_CONUS
3917920,0,0,0,0,0,100,0,0,0,0,BUSHREED_ACC_CONUS
3917922,0,0,0,0,0,100,0,0,0,0,BUSHREED_ACC_CONUS
3917946,0,0,2.14,0,0,97.86,0,0,0,0,BUSHREED_ACC_CONUS
3917948,0,0,0,0,0,100,0,0,0,0,BUSHREED_ACC_CONUS
3917950,0,0,2.23,0,0,97.77,0,0,0,0,BUSHREED_ACC_CONUS
3917956,0,0,0,0,0,100,0,0,0,0,BUSHREED_ACC_CONUS
3917958,0,0,0,0,0,100,0,0,0,0,BUSHREED_ACC_CONUS
3917960,0,0,0,0,0,100,0,0,0,0,BUSHREED_ACC_CONUS
948010089,0,0,0,0,0,100,0,0,0,0,BUSHREED_ACC_CONUS
