COMID,TOT_SRL25AG,TOT_SRL35AG,TOT_SRL45AG,TOT_SRL55AG,TOT_NODATA,source
3917070,59.86,59.86,59.86,59.86,100,SSURGO_SRL_TOT_CONUS
3917072,59.86,59.86,59.86,59.86,100,SSURGO_SRL_TOT_CONUS
3917082,59.86,59.86,59.86,59.86,100,SSURGO_SRL_TOT_CONUS
3917084,59.86,59.86,59.86,59.86,100,SSURGO_SRL_TOT_CONUS
3917106,59.86,59.86,59.86,59.86,100,SSURGO_SRL_TOT_CONUS
3917114,59.86,59.86,59.86,59.86,100,SSURGO_SRL_TOT_CONUS
3917130,59.86,59.86,59.86,59.86,100,SSURGO_SRL_TOT_CONUS
3917136,59.86,59.86,59.86,59.86,100,SSURGO_SRL_TOT_CONUS
3917138,59.86,59.86,59.86,59.86,100,SSURGO_SRL_TOT_CONUS
3917154,59.86,59.86,59.86,59.86,100,SSURGO_SRL_TOT_CONUS
3917156,59.86,59.86,59.86,59.86,100,SSURGO_SRL_TOT_CONUS
3917158,100,100,100,100,97.7,SSURGO_SRL_TOT_CONUS
3917160,50.29,50.29,50.29,50.29,100,SSURGO_SRL_TOT_CONUS
3917162,59.86,59.86,59.86,59.86,100,SSURGO_SRL_TOT_CONUS
3917164,59.86,59.86,59.86,59.86,100,SSURGO_SRL_TOT_CONUS
3917172,59.86,59.86,59.86,59.86,100,SSURGO_SRL_TOT_CONUS
3917176,59.86,59.86,59.86,59.86,100,SSURGO_SRL_TOT_CONUS
3917178,59.86,59.86,59.86,59.86,100,SSURGO_SRL_TOT_CONUS
3917194,59.86,59.86,59.86,59.86,100,SSURGO_SRL_TOT_CONUS
3917198,56.76,56.76,56.76,56.76,46.04,SSURGO_SRL_TOT_CONUS
3917200,64.01,64.01,64.01,64.01,42.93,SSURGO_SRL_TOT_CONUS
3917212,73.27,73.27,73.27,73.27,87.69,SSURGO_SRL_TOT_CONUS
3917214,32.31,32.31,32.31,32.31,77.91,SSURGO_SRL_TOT_CONUS
3917218,47.1,47.1,47.1,47.1,52.76,SSURGO_SRL_TOT_CONUS
3917220,43.57,43.57,43.57,43.57,39.07,SSURGO_SRL_TOT_CONUS
3917228,33.72,33.72,33.72,33.72,0.09,SSURGO_SRL_TOT_CONUS
3917230,78.83,79.27,79.27,79.27,0,SSURGO_SRL_TOT_CONUS
3917244,22.07,23.23,23.23,23.23,40.24,SSURGO_SRL_TOT_CONUS
3917250,0,0,0,0,93.66,SSURGO_SRL_TOT_CONUS
3917256,4.63,4.63,4.63,4.63,49.97,SSURGO_SRL_TOT_CONUS
3917268,25.48,25.48,25.48,25.48,41.44,SSURGO_SRL_TOT_CONUS
3917272,0,0,0,0,93.83,SSURGO_SRL_TOT_CONUS
3917274,27.48,27.48,27.48,27.48,100,SSURGO_SRL_TOT_CONUS
3917276,27.48,27.48,27.48,27.48,100,SSURGO_SRL_TOT_CONUS
3917278,27.48,27.48,27.48,27.48,100,SSURGO_SRL_TOT_CONUS
3917280,43.8,43.96,43.96,43.96,19.25,SSURGO_SRL_TOT_CONUS
3917282,27.48,27.48,27.48,27.48,80.37,SSURGO_SRL_TOT_CONUS
3917284,34.61,34.61,34.61,34.61,20.35,SSURGO_SRL_TOT_CONUS
3917286,53.39,53.39,53.39,53.39,0,SSURGO_SRL_TOT_CONUS
3917912,59.86,59.86,59.86,59.86,100,SSURGO_SRL_TOT_CONUS
3917914,59.86,59.86,59.86,59.86,100,SSURGO_SRL_TOT_CONUS
3917916,59.86,59.86,59.86,59.86,100,SSURGO_SRL_TOT_CONUS
3917918,59.86,59.86,59.86,59.86,79.67,SSURGO_SRL_TOT_CONUS
3917920,51.37,51.37,51.37,51.37,13,SSURGO_SRL_TOT_CONUS
3917922,65.99,65.99,65.99,65.99,48.5,SSURGO_SRL_TOT_CONUS
3917946,25.85,26.96,26.96,26.96,37.26,SSURGO_SRL_TOT_CONUS
3917948,56.86,56.86,56.86,56.86,33.93,SSURGO_SRL_TOT_CONUS
3917950,20.16,21.39,21.39,21.39,42.85,SSURGO_SRL_TOT_CONUS
3917956,0,0,0,0,100,SSURGO_SRL_TOT_CONUS
3917958,27.48,27.48,27.48,27.48,100,SSURGO_SRL_TOT_CONUS
3917960,27.48,27.48,27.48,27.48,100,SSURGO_SRL_TOT_CONUS
948010089,70.4,70.4,70.4,70.4,40.74,SSURGO_SRL_TOT_CONUS
